case_id,p_name,p_year,p_state,p_county,ylat,xlong,p_cap_ac
401476,"River Bend Solar, LLC",2016,AL,Lauderdale,34.833809,-87.838394,75
401807,Lafayette Solar Farm,2017,AL,Chambers,32.872425,-85.390289,79.2
403007,Muscle Shoals,2021,AL,Colbert,34.763344,-87.919693,227
401345,Fort Benning Solar Facility,2015,AL,Russell,32.303879,-84.990349,30
404620,Black Bear Solar 1,2020,AL,Montgomery,32.200626,-86.330238,100
404683,OE_ALD,2020,AL,Covington,31.015305,-86.590851,80
402231,Stuttgart Solar,2018,AR,Arkansas,34.440144,-91.441673,81
403528,Chicot Solar,2020,AR,Chicot,33.475201,-91.357712,100
404572,Searcy Solar Hybrid,2019,AR,White,35.222858,-91.695137,100
405537,Happy Solar 1,2023,AR,White,35.170544,-91.655342,95
405871,"Big Cypress Solar, LLC",2023,AR,Crittenden,35.325874,-90.314941,180
406097,Newport Solar Project,2023,AR,Jackson,35.68988,-91.161003,180
406119,"Crooked Lake Solar, LLC",2024,AR,Mississippi,35.908592,-89.819077,175
401622,"Mesquite Solar 3, LLC",2016,AZ,Maricopa,33.340897,-112.950745,154
400148,Agua Caliente Solar Project,2014,AZ,Yuma,32.975842,-113.494888,290
400939,Avalon Solar,2014,AZ,Pima,32.030869,-110.958588,29
400845,Gila Bend Hybrid,2014,AZ,Maricopa,32.948589,-112.769775,37.1
400226,Avra Valley Solar,2013,AZ,Pima,32.371834,-111.283241,26.5
400250,Mesquite Solar 1,2012,AZ,Maricopa,33.34222,-112.919899,170
400349,Foothills Solar Plant Hybrid,2013,AZ,Yuma,32.6395,-114.431351,37.4
400240,Arlington Valley Solar Energy II,2013,AZ,Maricopa,33.304535,-112.833298,129
401214,Sandstone Solar,2015,AZ,Pinal,33.04158,-111.452179,45
401688,Bonnybrooke PV,2016,AZ,Pinal,33.053898,-111.340988,50
401726,Red Rock,2017,AZ,Pinal,32.553082,-111.283096,40
402236,Gray Hawk Solar,2018,AZ,Mohave,35.349159,-113.914261,46
400758,Red Horse 2,2015,AZ,Cochise,32.257198,-110.1576,55
401664,Sulphur Springs,2016,AZ,Cochise,32.066677,-109.92128,20.5
401609,Red Horse III,2016,AZ,Cochise,32.265812,-110.156288,30
401621,"Mesquite Solar 2, LLC",2016,AZ,Maricopa,33.331272,-112.923386,100.8
401975,"Sun Streams, LLC",2020,AZ,Maricopa,33.355053,-112.836372,158
403572,OE_AZ1,2020,AZ,La Paz,33.77108,-113.654526,32.5
403674,Saint Solar,2021,AZ,Pinal,32.854229,-111.502708,100
402234,Kayenta Solar Project,2019,AZ,Navajo,36.788681,-110.238731,55.3
403643,Sun Streams 2,2021,AZ,Maricopa,33.321621,-112.817566,150
404187,"Wilmot Energy Center, LLC",2021,AZ,Pima,32.034618,-110.891869,130
405029,Solana Generating Station,2013,AZ,Maricopa,32.921631,-112.969841,280
404922,"Mesquite Solar 5, LLC",2022,AZ,Maricopa,33.356663,-112.914085,60
406038,"Mesquite Solar 4, LLC",2024,AZ,Maricopa,33.326782,-112.918701,52.5
406517,Sun Streams 3,2024,AZ,Maricopa,33.31216,-112.801582,215
406034,Storey Solar and Storage,2023,AZ,Pinal,32.8913,-111.499619,122
406275,Sonoran Solar Energy,2023,AZ,Maricopa,33.244144,-112.540268,490
406279,McFarland A Solar and Storage,2023,AZ,Yuma,32.937328,-113.46978,200
406171,Eleven Mile Solar Center,2024,AZ,Pinal,32.867287,-111.583183,300
406098,"West Line Solar, LLC",2022,AZ,Pinal,32.834732,-111.592674,100
405635,"Central Line Solar, LLC",2022,AZ,Pinal,32.839687,-111.577103,100
403257,East Line Solar,2020,AZ,Pinal,32.844509,-111.558693,100
400246,Topaz Solar Farm,2014,CA,San Luis Obispo,35.372162,-120.055847,585.9
400181,Imperial Solar Energy Center West,2016,CA,Imperial,32.770428,-115.784019,148.7
400372,Axium Modesto Solar,2012,CA,Stanislaus,37.736553,-120.990341,25.8
400500,Atwell Island,2013,CA,Tulare,35.815506,-119.451019,20.2
400347,"Desert Sunlight 300, LLC",2014,CA,Riverside,33.818886,-115.389389,313.7
400626,Solar Gen 2 Solar Facility,2014,CA,Imperial,33.083042,-115.468666,155.1
400377,"Imperial Valley Solar Company 1, LLC",2012,CA,Imperial,33.246208,-115.497093,23
400351,Alpaugh 50,2012,CA,Tulare,35.899235,-119.439537,50
400543,Campo Verde Solar,2013,CA,Imperial,32.746948,-115.71212,147.4
400251,"Catalina Solar, LLC",2012,CA,Kern,34.930923,-118.333778,110
400164,California Valley Solar Ranch,2013,CA,San Luis Obispo,35.317455,-119.925659,250
400150,AV Solar Ranch One,2014,CA,Los Angeles,34.780018,-118.427361,241.5
400168,Solar Borrego I,2013,CA,San Diego,33.291626,-116.353821,26
400221,Regulus Solar Project,2014,CA,Kern,35.299591,-118.848846,60
400057,"Solar Blythe, LLC",2009,CA,Riverside,33.591465,-114.745087,21
400136,Panoche Valley Solar Farm,2018,CA,San Benito,36.629772,-120.891312,140
400540,McCoy Solar Energy Project Hybrid,2016,CA,Riverside,33.701519,-114.75563,270.6
404604,"Rancho Seco Solar II, LLC",2020,CA,Sacramento,38.34787,-121.1119,160
401260,Seville 2,2015,CA,Imperial,33.109169,-116.002991,30
400828,Henrietta Solar Project,2016,CA,Kings,36.21822,-119.80423,102
400926,"RE Mustang, LLC",2016,CA,Kings,36.240337,-119.915245,100
401130,Five Points Solar Park,2016,CA,Fresno,36.393475,-120.23996,60
401456,"CA Flats Solar 130, LLC",2017,CA,Monterey,35.871853,-120.331581,130
401462,"Cuyama Solar, LLC",2017,CA,Santa Barbara,34.901577,-119.590942,40
401415,RE Astoria 2,2016,CA,Kern,34.829704,-118.4795,75
401411,Elevation Solar C,2016,CA,Los Angeles,34.726624,-118.302391,40
401369,Corcoran Solar 3,2016,CA,Kings,36.148209,-119.589127,21.2
401394,"Great Valley Solar Portfolio Holdings, LLC",2018,CA,Fresno,36.585163,-120.379234,200
400659,Stateline Solar,2016,CA,San Bernardino,35.585564,-115.43457,299.5
401393,RE Tranquillity,2016,CA,Fresno,36.578026,-120.405678,205.3
401050,"Algonquin SKIC 20 Solar, LLC",2015,CA,Kern,35.125679,-119.2425,22
400999,Beacon Solar Plant Site 5,2017,CA,Kern,35.247032,-118.034775,36
401003,Hecate Energy Beacon Solar 4,2016,CA,Kern,35.251896,-118.02507,50
401001,Hecate Energy Beacon Solar 1,2017,CA,Kern,35.266567,-118.015305,56
401000,Beacon Solar Plant Site 2,2017,CA,Kern,35.260677,-117.997475,45
401138,Springbok Solar Farm 1,2016,CA,Kern,35.251659,-117.956573,105
401002,Hecate Energy Beacon Solar 3,2016,CA,Kern,35.248543,-118.009056,56
401328,Springbok Solar Farm 2,2016,CA,Kern,35.24881,-117.973625,155
400692,Lost Hills/Blackwell,2015,CA,Kern,35.623013,-119.854256,32
400693,North Star Solar,2015,CA,Fresno,36.72736,-120.414696,62.5
401013,Quinto Solar PV Project,2015,CA,Merced,37.120708,-121.038841,105.1
401132,Wright Solar Park,2019,CA,Merced,37.014652,-120.957298,200
401457,"CA Flats Solar 150, LLC",2019,CA,Monterey,35.83498,-120.29731,150
401414,RE Astoria,2016,CA,Kern,34.844391,-118.452705,100
400837,Hayworth Solar,2015,CA,Kern,35.327858,-118.815445,26.7
401137,Borden Solar Farm,2020,CA,Madera,36.941391,-119.962639,50
401352,"Little Bear Solar 1, LLC",2020,CA,Fresno,36.716335,-120.414268,40
404603,Athos Solar Project,2019,CA,Riverside,33.753075,-115.345924,250
404294,Hudson-High Desert Hybrid,2021,CA,San Bernardino,34.633167,-117.370224,100
401795,Solar Blythe 2,2017,CA,Riverside,33.624294,-114.699181,21
401583,Midway Solar Farm II,2017,CA,Imperial,33.165443,-115.540627,30
401974,Colgreen North Shore Solar Farm,2018,CA,Riverside,33.548775,-115.981735,74.8
401555,Solverde 1,2016,CA,Los Angeles,34.657696,-118.29789,85
401582,RE Garland,2016,CA,Kern,34.826447,-118.532463,180
401503,"Blythe Solar 110, LLC",2016,CA,Riverside,33.673668,-114.73806,109.8
401502,"Blythe Solar II, LLC",2016,CA,Riverside,33.684155,-114.739769,131.2
401668,RE Barren Ridge 1,2016,CA,Kern,35.205166,-118.069511,62
401640,Midway Solar Farm I,2018,CA,Imperial,33.165607,-115.549263,50
402786,Citizens Imperial Solar,2019,CA,Imperial,33.186401,-115.428879,30
402750,San Pablo Raceway,2019,CA,Los Angeles,34.723698,-118.280312,100
402370,Vandenberg Solar Project,2017,CA,Santa Barbara,34.746334,-120.510315,20.6
401556,Antelope DSR 1,2016,CA,Los Angeles,34.654957,-118.281021,50
402232,Antelope Expansion 2,2018,CA,Los Angeles,34.742062,-118.302513,105
401742,Springbok 3 Solar Farm Hybrid,2019,CA,Kern,35.284988,-118.005135,90
401936,"American Kings Solar, LLC",2020,CA,Kings,36.24939,-119.90062,128
403009,Little Bear 4,2020,CA,Fresno,36.709023,-120.414383,50
403010,Little Bear 5,2020,CA,Fresno,36.709126,-120.396652,50
403060,Aquamarine,2021,CA,Kings,36.193733,-119.904221,250
403715,Chevron-Lost Hills Hybrid,2020,CA,Kern,35.603252,-119.697304,29
403867,"Golden Field Solar III, LLC",2020,CA,Kern,34.830055,-118.371048,192
403891,Titan Solar 1 (CA),2020,CA,Imperial,33.101456,-116.000259,75
403898,Central 40,2021,CA,Stanislaus,37.247696,-121.111816,40
402756,Mustang Two,2020,CA,Kings,36.212742,-119.893776,150
402874,"Desert Harvest, LLC",2020,CA,Riverside,33.795872,-115.373215,80
404004,"Desert Harvest II, LLC",2020,CA,Riverside,33.790791,-115.34259,70
404496,"Lockhart Solar PV, LLC",2023,CA,San Bernardino,35.027725,-117.356339,85
405004,Lockhart Solar PV II,2023,CA,San Bernardino,35.042198,-117.350082,75
404542,"RE Gaskell West 2, LLC",2023,CA,Kern,34.829086,-118.568596,45
400115,Alpine Solar,2013,CA,Los Angeles,34.794643,-118.511269,66
404709,"Rabbitbrush Solar, LLC",2022,CA,Kern,34.876408,-118.353577,100
400511,Solar Star 1,2015,CA,Los Angeles,34.81847,-118.397118,314.4
402927,"Valentine Solar, LLC",2019,CA,Kern,34.910389,-118.391823,111.2
404762,"BigBeau Solar, LLC",2022,CA,Kern,34.910454,-118.355103,128
400512,Solar Star 2,2015,CA,Kern,34.829727,-118.441154,279.5
401632,"Willow Spring Solar, LLC",2019,CA,Kern,34.830528,-118.333725,100
402297,Mount Signal Solar Farm II,2020,CA,Imperial,32.660358,-115.629929,153.5
402201,Mount Signal Solar Farm V,2018,CA,Imperial,32.668293,-115.559746,252.3
403798,Slate Hybrid,2021,CA,Kings,36.218998,-119.874229,50.5
400829,"RE Camelot, LLC",2014,CA,Kern,35.023308,-118.172401,45
404753,Edwards Sanborn S1,2021,CA,Kern,35.02021,-118.125366,44.6
404752,Edwards Sanborn S3,2022,CA,Kern,34.989754,-118.101585,37.7
404881,Edwards Sanborn S4,2022,CA,Kern,34.974834,-118.087578,41.2
404746,Edwards Sanborn E1A,2021,CA,Kern,34.963009,-118.103348,149.3
404384,Edwards Sanborn E3,2021,CA,Kern,34.939861,-118.135918,27.4
404747,Edwards Sanborn E2,2021,CA,Kern,34.944317,-118.08728,137.8
404749,Luciana,2022,CA,Tulare,35.817329,-119.063026,55.8
404775,Blythe Mesa Solar II,2021,CA,Riverside,33.575493,-114.740097,223.6
404686,Arlington Energy Center II,2021,CA,Riverside,33.706612,-114.785706,233
401504,"Blythe Solar III, LLC Hybrid",2020,CA,Riverside,33.65995,-114.73661800000001,137.4
404526,"Blythe Solar IV, LLC",2015,CA,Riverside,33.681889,-114.769531,137.4
402875,"Maverick Solar, LLC",2020,CA,Riverside,33.69952,-115.222992,125
404654,"Maverick Solar 4, LLC",2021,CA,Riverside,33.689774,-115.197685,100
404115,"SE Athos II, LLC",2021,CA,Riverside,33.739544,-115.318176,200
404891,Oberon Solar Project,2022,CA,Riverside,33.725693,-115.375221,250
404006,"Maverick Solar 6, LLC",2021,CA,Riverside,33.740593,-115.350586,100
404913,Ocotillo Wells,2023,CA,San Diego,33.081242,-116.086128,50
400297,"RE McKenzie 1, LLC",2012,CA,Sacramento,38.30571,-121.284538,30
401812,"Solar Star California, XLI, LLC",2016,CA,Kern,34.830257,-118.392372,54
401811,"Golden Fields Solar I, LLC",2016,CA,Kern,34.840446,-118.391136,54
400052,"Imperial Valley Solar, LLC",2014,CA,Imperial,32.674442,-115.602257,206.7
402578,Wistaria Ranch Solar,2018,CA,Imperial,32.661415,-115.606285,100
400527,Centinela Solar Energy,2014,CA,Imperial,32.683117,-115.646942,170
400180,Imperial Solar Energy Center South,2013,CA,Imperial,32.660618,-115.660683,130
404596,"Drew Solar, LLC",2022,CA,Imperial,32.686687,-115.667511,100
406330,Estrella Solar & Storage,2023,CA,Los Angeles,34.809135,-118.319283,56
406331,Raceway Solar & Storage,2024,CA,Kern,34.832397,-118.28421,125
405696,Scarlet Solar (CA),2024,CA,Fresno,36.610489,-120.357079,200
405973,Victory Pass,2024,CA,Riverside,33.704945,-115.282082,200
405974,Arica Solar,2024,CA,Riverside,33.722725,-115.265182,263
405628,Resurgence Solar,2023,CA,San Bernardino,35.014107,-117.555969,90
406273,Resurgence Solar II,2023,CA,San Bernardino,35.022346,-117.56604,48
405684,Daggett 2,2023,CA,San Bernardino,34.857754,-116.747269,182
405685,Daggett 3,2023,CA,San Bernardino,34.870911,-116.774918,300
405019,SEGS IX,1990,CA,San Bernardino,35.031879000000004,-117.337921,92
405546,Solar Blue,2023,CA,Kings,36.169018,-119.8992,250
404664,"Fifth Standard Solar PV, LLC (Hybrid)",2020,CA,Fresno,36.157837,-120.11573,150
400145,Cogentrix of Alamosa,2012,CO,Alamosa,37.598537,-105.951965,30
400124,San Luis Valley Solar Ranch,2011,CO,Alamosa,37.69418,-105.919807,30.4
401439,Hooper Solar,2015,CO,Alamosa,37.69455,-105.982552,52
401648,"Bison Solar, LLC",2016,CO,Larimer,40.864941,-105.012985,32.4
401619,"San Isabel Solar, LLC",2016,CO,Las Animas,37.371609,-104.474258,30
402611,Titan Solar,2018,CO,Arapahoe,39.686752,-104.013641,50
402973,Grazing Yak Solar,2019,CO,El Paso,38.972313,-104.252785,39.5
402742,"Pioneer Solar (CO), LLC",2021,CO,Adams,39.761879,-104.460846,80
403031,Palmer Solar,2020,CO,El Paso,38.633263,-104.661964,60
404768,Sun Mountain Solar 1,2021,CO,Pueblo,38.170128,-104.522804,200
404617,Rawhide Prairie Solar Hybrid,2021,CO,Larimer,40.843323,-105.015205,22
404622,Thunder Wolf Energy Center Hybrid,2022,CO,Pueblo,38.173016,-104.382111,248
405588,Pike Solar Hybrid,2023,CO,El Paso,38.672665,-104.612015,175
405781,"Hunter Solar, LLC (CO)",2023,CO,Arapahoe,39.62785,-104.466438,75
404619,Neptune Energy Center Hybrid,2020,CO,Pueblo,38.324463,-104.404037,325
404159,Quinebaug Solar,2021,CT,Windham,41.743187,-71.927963,49.4
403120,DWW Solar ll,2019,CT,Hartford,41.90403,-72.797028,26.4
404813,ENGIE Solidago Solar Project - Hybrid,2023,DE,New Castle,39.384129,-75.759148,50
400054,DeSoto Next Generation Solar Energy,2009,FL,DeSoto,27.321482,-81.802032,25
401429,Babcock Solar Energy Center Hybrid,2016,FL,Charlotte,26.864435,-81.740059,74.5
401444,Manatee Solar Energy Center,2016,FL,Manatee,27.628073,-82.355347,74.5
401245,Gulf Coast Solar Center III,2017,FL,Escambia,30.469383,-87.340782,50
402106,Horizon Solar Energy Center,2018,FL,Alachua,29.665009,-82.06192,74.5
402107,Coral Farms Solar Energy Center,2018,FL,Putnam,29.757494,-81.896782,74.5
402105,Indian River Solar Center,2018,FL,Indian River,27.571138,-80.570152,74.5
402117,Barefoot Bay Solar Energy Center,2018,FL,Brevard,27.870817,-80.526764,74.5
402110,Blue Cypress Solar Energy Center,2018,FL,Indian River,27.598927,-80.533325,74.5
402118,Loggerhead Solar Energy Center,2018,FL,St. Lucie,27.222321,-80.543037,74.5
402514,Balm Solar,2018,FL,Hillsborough,27.774101,-82.238976,74.4
402521,Payne Creek Solar,2018,FL,Polk,27.663151,-81.972038,70.3
402739,Citrus Ridge Solar,2018,FL,Orange,28.39167,-81.614944,52
402520,Lithia Solar,2019,FL,Hillsborough,27.754299,-82.164894,74.5
402516,Grange Hall Solar,2019,FL,Hillsborough,27.681393,-82.207016,61.1
402589,Pioneer Trail Solar Energy Center,2019,FL,Volusia,29.009501,-81.097832,74.5
402590,Interstate Solar Energy Center,2019,FL,St. Lucie,27.487631,-80.442604,74.5
402588,Miami Dade Solar Energy Center,2019,FL,Miami-Dade,25.644358,-80.488152,74.5
403057,Trenton Solar Power Plant,2019,FL,Gilchrist,29.637594,-82.843208,74.9
401243,Gulf Coast Solar Center I,2017,FL,Okaloosa,30.515665,-86.52536,30
401244,Gulf Coast Solar Center II,2017,FL,Santa Rosa,30.42832,-86.893463,40
402109,Hammock Solar,2018,FL,Hendry,26.68733,-81.31633,74.5
402608,Hamilton Solar Power Plant,2018,FL,Hamilton,30.449667,-83.189926,74.9
402585,Sunshine Gateway Solar Energy Center,2019,FL,Columbia,30.280457,-82.778534,74.5
402515,Bonnie Mine Solar,2019,FL,Polk,27.879711,-81.916634,37.5
402522,Peace Creek Solar,2019,FL,Polk,27.915186,-81.808662,55
402517,Lake Hancock Solar,2019,FL,Polk,27.929516,-81.864021,49.6
403055,Lake Placid Solar Power Plant,2019,FL,Highlands,27.330336,-81.371429,45
403464,"FL Solar 4, LLC",2019,FL,Leon,30.396454,-84.369629,42
403106,Babcock Preserve,2020,FL,Charlotte,26.858892,-81.726486,74.5
402890,Hibiscus Solar Energy Center,2020,FL,Palm Beach,26.757898,-80.335411,74.5
402982,Sweetbay Solar Center,2020,FL,Martin,27.059099,-80.474358,74.5
403103,Blue Heron Solar,2020,FL,Hendry,26.700018,-81.133675,74.5
403113,Northern Preserve Solar,2020,FL,Baker,30.232534,-82.251335,74.5
403176,Little Manatee River Solar,2020,FL,Hillsborough,27.684187,-82.412498,74.5
403268,Nassau Solar Center,2020,FL,Nassau,30.526798,-81.894264,74.5
403270,Trailside Solar Center,2020,FL,St. Johns,29.760891,-81.433807,74.5
403274,Lakeside Solar Center,2020,FL,Okeechobee,27.219654,-80.74102,74.5
403276,Pelican Solar Center,2021,FL,St. Lucie,27.542852,-80.570923,74.5
402523,Wimauma Solar,2020,FL,Hillsborough,27.735609,-82.270271,74.5
402734,Columbia Solar Power Plant,2020,FL,Columbia,29.890247,-82.686836,74.9
403269,Magnolia Springs Solar Center,2021,FL,Clay,29.880419,-81.694908,74.5
403272,Orange Blossom Solar Center,2021,FL,Indian River,27.5998,-80.565987,74.5
403273,Palm Bay Solar,2021,FL,Brevard,27.855156,-80.669044,74.5
403277,Egret Solar Center,2020,FL,Baker,30.294641,-82.185951,74.5
403401,Discovery Solar Center,2021,FL,Brevard,28.534895,-80.677277,74.5
403402,Sabal Palm Solar Center,2021,FL,Palm Beach,26.775719,-80.348129,74.5
403681,Durrance,2021,FL,Polk,27.79196,-82.000084,60
403737,Harmony Solar,2020,FL,Osceola,28.163914,-81.110855,74.5
403738,Taylor Creek Solar,2020,FL,Orange,28.504553,-81.038643,74.5
404118,Willow Solar Energy Center,2021,FL,Manatee,27.449955,-82.079102,74.5
404408,Cotton Creek Solar Energy Center,2021,FL,Escambia,30.850481,-87.346039,74.5
403028,Echo River Solar,2020,FL,Suwannee,30.296288,-82.868484,74.5
403030,Southfork Solar,2020,FL,Manatee,27.571207,-82.19017,74.5
403056,Debary Solar Power Plant,2020,FL,Volusia,28.897612,-81.329536,74.5
403105,Twin Lakes,2020,FL,Putnam,29.607748,-81.834793,74.5
403104,Cattle Ranch,2020,FL,DeSoto,27.333189,-81.755325,74.5
403271,Rodeo Solar Center,2021,FL,DeSoto,27.32378,-81.791214,74.5
403930,Duette Solar Power Plant,2021,FL,Manatee,27.588106,-82.067024,74.5
403275,Union Springs Solar Center,2020,FL,Union,30.000151,-82.298988,74.5
404482,Gulf Power Blue Indigo Energy,2020,FL,Jackson,30.87818,-85.39978,74.5
404546,Mountain View Solar (FL),2018,FL,Pasco,28.38879,-82.222153,54.6
404635,Charlie Creek Solar Power Plant,2017,FL,Hardee,27.637959,-81.659866,74.9
404657,Bay Trail Solar Power Plant,2022,FL,Citrus,28.999956,-82.670601,74.9
404700,Fort Green Solar Power Plant,2021,FL,Hardee,27.639572,-81.93737,74.9
404710,Jamison Solar (FL),2022,FL,Polk,27.809797,-81.956215,74.5
404713,Big Bend II Solar,2021,FL,Hillsborough,27.781536,-82.393456,45.8
404735,Blue Springs,2023,FL,Jackson,30.787184,-85.086754,74.5
404840,Apalachee,2023,FL,Jackson,30.760412,-85.070198,74.5
404769,Sawgrass Solar Energy Center,2022,FL,Hendry,26.367044,-81.044044,74.5
404770,Ghost Orchid Solar Energy Center,2022,FL,Hendry,26.42519,-81.033844,74.5
404771,Sundew,2022,FL,St. Lucie,27.256329,-80.553993,74.5
404836,Pink Trial Solar Energy Center,2023,FL,St. Lucie,27.290674,-80.54422,74.5
404772,Immokalee,2022,FL,Collier,26.484781,-81.428925,74.5
404773,Elder Branch,2022,FL,Manatee,27.597452,-82.243774,74.5
404774,Grove,2022,FL,Indian River,27.581947,-80.652214,74.5
404799,Hildreth Solar Power Plant,2023,FL,Suwannee,29.96452,-82.824554,74.9
404800,Bay Ranch Solar Power Plant,2023,FL,Bay,30.154747,-85.500092,74.9
404801,High Springs Solar Power Plant,2023,FL,Alachua,29.802467,-82.640251,74.9
404802,Hardeetown Solar Power Plant,2021,FL,Levy,29.494999,-82.83316,74.9
404831,Bluefield Preserve Solar,2023,FL,St. Lucie,27.243599,-80.671944,74.5
404833,Everglades Solar Energy Center,2023,FL,Miami-Dade,25.542284,-80.555046,74.5
404834,First City Solar Energy Center,2023,FL,Escambia,30.917093,-87.341293,74.5
404835,FPL Flowers Creek Solar Energy Center,2023,FL,Calhoun,30.572971,-85.043633,74.5
404837,FPL Shirer Branch Solar Energy Center,2023,FL,Calhoun,30.397081,-85.280937,74.5
404838,Wild Azalea Solar Energy Center,2023,FL,Gadsden,30.677685,-84.737221,74.5
404839,Anhinga Solar Energy Center,2023,FL,Clay,29.882238,-81.677948,74.5
404845,FPL Cavendish Solar Energy Center,2023,FL,Okeechobee,27.62678,-80.803139,74.5
404852,Bell Ridge Solar,2022,FL,Gilchrist,29.716261,-82.711609,74.5
404862,FPL Etonia Creek,2022,FL,Putnam,29.768459,-81.777138,74.5
404860,FPL Saw Palmetto Solar Energy Center,2023,FL,Bay,30.421377,-85.440582,74.5
404861,FPL Cypress Pond Solar,2023,FL,Washington,30.598112,-85.82621,74.5
402116,Wildflower Solar Energy Center,2018,FL,DeSoto,27.315281,-81.764481,74.5
404525,Citrus Solar Energy Center Hybrid,2016,FL,DeSoto,27.299454,-81.78775,74.5
404607,Santa Fe Solar Power Plant,2021,FL,Columbia,29.871618,-82.724937,74.9
405342,Alafia Solar,2023,FL,Polk,27.717014,-82.035416,60
405952,Juniper Solar (FL),2023,FL,Pasco,28.178879,-82.147247,70
405953,Laurel Oaks Solar,2022,FL,Hillsborough,27.919945,-82.06971,61.2
406100,Lake Mabel Solar,2023,FL,Polk,27.97674,-81.593163,74.5
406101,Dover Solar,2023,FL,Hillsborough,27.956045,-82.199257,25
404658,Sandy Creek Solar Power Plant,2021,FL,Bay,30.104654,-85.405869,74.9
405875,Mule Creek Renewable Energy Center,2024,FL,Bay,30.109438,-85.395432,74.9
406007,Big Juniper Solar,2024,FL,Santa Rosa,30.639008,-86.929649,74.5
404841,Blackwater River Solar Energy Center,2022,FL,Santa Rosa,30.64687,-86.938492,74.5
406008,Three Creeks,2024,FL,Manatee,27.580063,-82.260201,74.5
406009,Sambucus,2024,FL,Manatee,27.445387,-82.065659,74.5
406011,Canoe,2024,FL,Okaloosa,30.678257,-86.78553,74.5
406014,White Tail,2024,FL,Martin,27.079197,-80.379082,74.5
406015,Caloosahatchee,2024,FL,Hendry,26.747511,-81.179428,74.5
406018,Beautyberry,2024,FL,Hendry,26.367563,-81.019211,74.5
406019,Woodyard,2024,FL,Hendry,26.423376,-81.0494,74.5
406021,Silver Palm,2024,FL,Palm Beach,26.78801,-80.351089,74.5
406023,Terrill Creek,2024,FL,Clay,29.876978,-81.758827,74.5
406025,Nature Trail,2024,FL,Baker,30.318174,-82.184425,74.5
406249,Winquepin Renewable Energy Center,2024,FL,Madison,30.296202,-83.300728,74.9
406017,Turnpike,2024,FL,Indian River,27.564936,-80.648796,74.5
405655,Magnolia Solar,2021,FL,Polk,27.914442,-82.052979,74.5
406010,Pineapple,2024,FL,St. Lucie,27.253674,-80.575264,74.5
405844,Chautauqua Solar Energy Center,2023,FL,Walton,30.876143,-86.207741,74.5
406024,Wild Quail,2024,FL,Walton,30.898172,-86.248611,74.5
406022,Pecan Tree,2024,FL,Walton,30.934246,-86.245178,74.5
404832,FPL Chipola River Solar Energy Center,2023,FL,Calhoun,30.454226,-85.277496,74.5
406028,Fourmile Creek,2024,FL,Calhoun,30.441761,-85.276161,74.5
404884,Riverside Solar,2023,FL,Hillsborough,27.673239,-82.452942,55
406012,Sparkleberry,2024,FL,Escambia,30.762449,-87.43692,74.5
406016,Monarch,2024,FL,Martin,27.027128,-80.52755,74.5
406020,Ibis,2024,FL,Brevard,27.853474,-80.682961,74.5
406026,Orchard,2024,FL,DeSoto,27.085934,-81.839691,74.5
406027,Hawthorne Creek,2024,FL,DeSoto,27.074097,-81.83902,74.5
403029,Okeechobee Solar,2020,FL,Okeechobee,27.622055,-80.785553,74.5
405603,Fort Drum Energy Center,2021,FL,Okeechobee,27.617702,-80.793152,74.5
401141,SR Hazlehurst,2015,GA,Jeff Davis,31.808908,-82.580521,21
400648,"Simon Solar Farm, LLC",2013,GA,Walton,33.676121,-83.676674,30
401073,"Decatur Parkway Solar Project, LLC",2015,GA,Decatur,30.992476,-84.636337,81.1
401363,Butler Solar Farm 20,2016,GA,Taylor,32.576111,-84.316376,22
401364,Pawpaw Solar Plant,2016,GA,Taylor,32.572491,-84.261795,30.5
401481,"White Pine Solar, LLC",2016,GA,Taylor,32.503132,-84.256546,101.2
401496,"White Oak Solar, LLC",2016,GA,Burke,33.035133,-82.105797,76.5
401346,Fort Gordon Solar Facility,2016,GA,Richmond,33.387287,-82.13102,30
401366,Taylor County Solar,2016,GA,Taylor,32.585953,-84.301521,146
401911,Old Midville Solar,2016,GA,Jenkins,32.827263,-81.982086,20.2
401347,Kings Bay Solar Facility,2016,GA,Camden,30.83235,-81.556831,30
401480,"Live Oak Solar, LLC",2016,GA,Candler,32.421265,-82.105591,51
401365,Butler Solar Project 103,2016,GA,Taylor,32.562843,-84.286079,103
401357,Marine Corps Logistics Base Solar,2018,GA,Dougherty,31.559109,-84.084457,31.2
402972,"Dougherty County Solar, LLC",2019,GA,Dougherty,31.511614,-84.043564,120
402965,SR Arlington II,2019,GA,Early,31.407942,-84.826866,102.5
402791,Hazlehurst III,2019,GA,Jeff Davis,31.832075,-82.60318,40
403573,OE_GA3,2020,GA,Mitchell,31.195498,-84.138786,57.5
401792,Hazlehurst II,2016,GA,Jeff Davis,31.820194,-82.602264,52.5
402597,Camilla Solar Energy Project,2020,GA,Mitchell,31.278736,-84.22245,171.4
402792,SR Terrell,2020,GA,Terrell,31.867296,-84.359131,74
402974,Moody Air Force Base Solar,2020,GA,Lowndes,30.953218,-83.216377,49.5
403079,Quitman Solar,2019,GA,Brooks,30.847801,-83.63887,150
403793,Cool Springs Solar (Hybrid),2021,GA,Decatur,30.741844,-84.672401,213
402512,Robins Air Force Base Solar,2021,GA,Bibb,32.684483,-83.624222,128
404054,SR Lumpkin,2021,GA,Stewart,32.024948,-84.736397,100
404063,Baxley,2020,GA,Appling,31.878614,-82.331894,25
404136,Quitman II Solar,2021,GA,Brooks,30.866871,-83.652252,150
404483,Twiggs Solar,2020,GA,Twiggs,32.593742,-83.499992,204
404484,SR Perry,2021,GA,Houston,32.379131,-83.762573,68
401348,Fort Stewart Solar Facility,2016,GA,Liberty,31.901562,-81.592155,30
404608,Hickory Park Solar Hybrid,2015,GA,Mitchell,31.300488,-84.133629,195.5
404741,"SR Clay, LLC",2022,GA,Clay,31.561028,-84.894005,106
404742,"SR Cedar Springs, LLC",2022,GA,Early,31.226789,-85.07531,70
404984,"Sonny Solar, LLC",2023,GA,Elbert,34.05513,-82.717255,40
404998,"Bulldog Solar, LLC",2023,GA,Warren,33.370441,-82.67897,80
405581,Lancaster Solar GA,2021,GA,Calhoun,31.469767,-84.753838,80
405681,"SR DeSoto I, LLC",2022,GA,Lee,31.885715,-84.029671,165
406112,SR DeSoto II,2023,GA,Lee,31.862169,-84.024223,65
406351,SR DeSoto III,2023,GA,Lee,31.866272,-84.003418,60
402867,Snipesville,2020,GA,Jeff Davis,31.705011,-82.738655,86
405824,SR Snipesville II,2021,GA,Jeff Davis,31.712805,-82.713394,107
404958,SR Snipesville III,2023,GA,Jeff Davis,31.72813,-82.726723,107
406057,Bird Dog Solar,2023,GA,Burke,33.119633,-82.000839,40
406058,Blackwater Solar,2024,GA,Ware,31.394884,-82.614479,80
406059,Hobnail Solar,2023,GA,Burke,33.264706,-82.173935,70
406414,CPV Stagecoach Solar,2024,GA,Macon,32.199032,-84.074692,80
403595,"Wapello Solar, LLC",2021,IA,Louisa,41.156052,-91.174614,100
405673,Arbor Hill Solar,2022,IA,Adair,41.459377,-94.280495,25
406463,Duane Arnold Solar I (50 MW),2024,IA,Linn,42.108124,-91.790916,50
402996,Prairie State Solar Project,2021,IL,Perry,38.192234,-89.558334,99
404071,"Dressor Plains Solar, LLC",2021,IL,Fayette,39.167641,-89.049599,99
404485,"Prairie Wolf Solar, LLC",2021,IL,Coles,39.559807,-87.975761,200
404711,Big River Solar,2022,IL,White,38.077854,-88.308533,149
405814,"Mulligan Solar, LLC",2022,IL,Logan,40.094292,-89.418037,70
406276,"Earp Solar, LLC",2024,IL,Warren,40.892017,-90.66761,35
406348,River Ferry Solar 1,2023,IL,Clark,39.271698,-87.615395,165.3
406352,Prairie Creek Solar,2023,IL,Morgan,39.805435,-90.22435,30
403890,Troy Solar,2021,IN,Spencer,38.037422,-86.788963,50.4
404249,"Riverstart Solar Park, LLC",2021,IN,Randolph,40.045197,-85.051437,200
405957,Indiana Crossroads Solar Park,2023,IN,White,40.730057,-86.842941,200
406281,Dunn's Bridge 1 Solar,2023,IN,Jasper,41.203407,-86.959297,265
405726,Bellflower Solar 1,2023,IN,Henry,39.790691,-85.413849,152.5
406617,Cavalry Solar Hybrid,2024,IN,White,40.894764,-86.808716,200
404743,"SR Turkey Creek, LLC",2021,KY,Garrard,37.588112,-84.579544,57.6
406073,"Glover Creek Solar, LLC",2024,KY,Metcalfe,36.902843,-85.716919,55
402510,LA3 West Baton Rouge Solar Facility,2020,LA,West Baton Rouge,30.466032,-91.317223,50
405463,"Iris Solar, LLC",2022,LA,Washington,30.777637,-90.215546,50
406123,Oak Ridge Solar,2023,LA,Morehouse,32.591274,-91.778435,200
401336,Great Bay Solar 1,2018,MD,Somerset,38.170525,-75.693695,75
404960,Ripley,2023,MD,Charles,38.534893,-77.096603,27.5
404633,Bluegrass Solar,2022,MD,Queen Anne's,39.169926,-75.954376,79.6
401644,Demille Solar Farm,2017,MI,Lapeer,43.036228,-83.338158,28.6
405688,Calhoun Solar,2022,MI,Calhoun,42.3522,-85.055229,200
406200,"Cereal City Solar, LLC",2023,MI,Calhoun,42.30888,-85.034454,100
405400,Assembly Solar Project,2020,MI,Shiawassee,43.040314,-83.932983,50
405587,Assembly Solar III,2022,MI,Shiawassee,43.030617,-83.957962,79
405520,"Assembly Solar II, LLC",2021,MI,Shiawassee,43.054295,-83.948875,110
402865,Meridian III,2019,MS,Lauderdale,32.448696,-88.560394,52.5
404649,Sunflower County,2019,MS,Sunflower,33.755505,-90.52787,100
401620,Sumrall I Solar Farm,2017,MS,Lamar,31.399305,-89.491814,52
404529,Sumrall II Solar Farm,2016,MS,Lamar,31.401299,-89.500389,52
406188,"Wildflower Solar, LLC (MS)",2024,MS,DeSoto,34.955906,-90.175064,100
406248,Cane Creek,2024,MS,Clarke,31.98126,-88.882256,78.5
406319,Delta's Edge Solar,2023,MS,Carroll,33.523228,-90.074112,100
401790,Hattiesburg Solar Farm,2017,MS,Forrest,31.277435,-89.303215,50.6
404640,MTSUN,2020,MT,Yellowstone,45.876106,-108.655159,80
404663,Apex Solar,2015,MT,Beaverhead,45.232483,-112.746506,80
400936,Elm City Solar Facility,2016,NC,Wilson,35.783009,-77.847908,40
401294,"Eden Solar, LLC",2015,NC,Richmond,35.15472,-79.635384,47.7
400899,"DD Fayetteville Solar NC, LLC",2015,NC,Bladen,34.834457,-78.843437,23.1
402446,Bladen Solar,2017,NC,Bladen,34.817871,-78.624443,50
401229,"Innovative Solar 37, LLC",2017,NC,Anson,34.823734,-79.947983,78.7
401782,Innovative Solar 42,2017,NC,Cumberland,34.840912,-78.878311,71
401844,Cork Oak Solar,2017,NC,Halifax,36.372955,-77.571907,20.3
401663,"Shoe Creek Solar, LLC",2017,NC,Scotland,34.838543,-79.3862,64.5
402537,Buckleberry Solar,2018,NC,Pitt,35.380238,-77.404335,52.1
403136,Crooked Run,2019,NC,Pender,34.680218000000004,-77.977722,70.1
402403,"Bullock Solar, LLC",2017,NC,Vance,36.475418,-78.316132,50
401230,Innovative Solar 47,2017,NC,Robeson,34.801884,-79.329071,35
401232,Innovative Solar 54,2018,NC,Lenoir,35.205914,-77.712692,50
401238,Innovative Solar 67,2018,NC,Pender,34.615627,-77.999573,33.3
401454,Pecan Solar,2018,NC,Northampton,36.49398,-77.481079,74.9
401539,"Innovative Solar 43, LLC",2016,NC,Bladen,34.532593,-78.312019,38.9
401825,Summit Farms Solar,2017,NC,Currituck,36.479164,-76.153183,60
402612,"Ranchland Solar, LLC",2017,NC,Currituck,36.472599,-76.157509,60
402952,"Aulander Holloman Solar, LLC",2018,NC,Hertford,36.253273,-77.049721,80
403382,Gutenberg Solar,2019,NC,Northampton,36.471893,-77.539772,79.9
402484,"NC 102 Project, LLC",2018,NC,Cabarrus,35.299561,-80.496315,74.8
401665,Monroe Solar Facility,2017,NC,Union,34.932274,-80.633095,60
401783,Innovative Solar 31,2017,NC,Bladen,34.544483,-78.751831,35
401833,Brantley Solar,2018,NC,Nash,35.897587,-78.14711,50.2
401134,Kelford,2015,NC,Bertie,36.157036,-77.207802,21
401183,Rutherford Farm,2016,NC,Rutherford,35.256386,-81.830498,74.8
401234,Innovative Solar 46,2016,NC,Cumberland,34.916969,-78.932404,78.5
401397,"Conetoe II Solar, LLC",2015,NC,Edgecombe,35.814537,-77.494087,81
401834,Fox Creek Solar,2018,NC,Franklin,36.128159,-78.272751,50.2
403058,"Wilkinson Solar, LLC",2019,NC,Beaufort,35.593365,-76.76149,80.6
403081,"Ruff Solar, LLC",2020,NC,Rutherford,35.293644,-81.773666,22
403129,Maiden Creek Solar Power Plant,2021,NC,Catawba,35.590046,-81.16523,69.3
403130,Gaston Solar Power Plant,2020,NC,Gaston,35.321064,-81.343796,25
403207,"Fern Solar, LLC",2020,NC,Edgecombe,36.014133,-77.68103,100
403217,"Speedway Solar NC, LLC",2021,NC,Cabarrus,35.215927,-80.530167,22.6
403287,Hawtree Solar,2021,NC,Warren,36.529472,-78.111435,65
404032,"Harts Mill Solar, LLC",2021,NC,Edgecombe,35.908703,-77.639015,80
403845,"Sugar Solar, LLC",2021,NC,Yadkin,36.162933,-80.65316,60
403860,"Trent River Solar, LLC",2021,NC,Jones,35.004646,-77.272186,80
403929,Bay Tree,2021,NC,Bladen,34.704178,-78.419807,70.1
404041,Albemarle Beach Solar,2020,NC,Washington,35.905354,-76.641762,80
404581,"Stony Knoll Solar, LLC",2021,NC,Surry,36.286564,-80.659592,22.6
404625,"Lick Creek Solar, LLC",2022,NC,Stokes,36.297821,-80.11235,50
404626,"Highest Power Solar, LLC",2022,NC,Franklin,36.10014,-78.249237,48.7
404722,"Oak Trail Solar, LLC",2017,NC,Currituck,36.505886,-76.198044,100
404725,"Stanly Solar, LLC",2021,NC,Stanly,35.293903,-80.235123,50
404785,"Phobos Solar, LLC",2023,NC,Nash,35.88409,-78.153831,78.8
404786,"Cabin Creek Solar, LLC",2021,NC,Montgomery,35.339892999999996,-79.736809,70.2
406158,"Misenheimer Solar, LLC",2024,NC,Stanly,35.492043,-80.293625,74.4
406185,"Virginia Line Solar, LLC",2023,NC,Warren,36.523964,-78.280769,35
406473,Oak Solar,2023,NC,Northampton,36.53743,-77.76387,120
400767,Warsaw Farm,2015,NC,Duplin,35.001381,-78.125336,64.8
402098,Chestnut Solar,2020,NC,Halifax,36.177597,-77.715446,74.9
404582,"Broad River Solar, LLC",2019,NC,Cleveland,35.18911,-81.754578,50
405539,East Nash PV2,2023,NC,Nash,35.963474,-78.096748,23.4
405810,"Platteview Solar, LLC",2024,NE,Saunders,41.199207,-96.374985,81
404129,EDF Ph1 Toms River,2021,NJ,Ocean,39.988705,-74.240883,21.3
403736,Britton Solar Energy Center,2019,NM,Torrance,35.017532,-106.10096,50
400135,Roadrunner Solar,2011,NM,Dona Ana,31.803112,-106.67038,20.2
400104,Cimarron Solar Facility,2010,NM,Colfax,36.468452,-104.635071,30.6
400838,Macho Springs,2014,NM,Luna,32.571449,-107.486824,52.2
401681,"Chaves Solar, LLC",2016,NM,Chaves,33.44297,-104.43956,70
401682,"Roswell Solar, LLC",2016,NM,Chaves,33.455147,-104.459877,70
400979,"Caprock Solar 1, LLC",2016,NM,Quay,34.98592,-103.625587,25
401595,Alta Luna,2017,NM,Luna,32.569775,-107.468254,28.1
403868,Encino Solar Energy Center,2020,NM,Sandoval,35.35656,-106.857574,55
404648,"Route 66 Energy Center, LLC",2017,NM,Cibola,35.096867,-107.614098,49.5
404980,Chaves County Solar II,2023,NM,Chaves,33.431828,-104.434723,30
404981,Buena Vista Energy Center,2023,NM,Otero,32.074036,-106.332184,120
406177,"NMRD Data Center III, LLC",2023,NM,Sandoval,35.374084,-106.855392,50
406343,Sky Ranch Solar,2024,NM,Valencia,34.765591,-106.80011,190
406375,OE_ESCL,2024,NM,McKinley,35.41901,-108.09642,200
400086,CM48,2010,NV,Clark,35.781586,-114.993011,48
400658,Silver State Solar Power South,2016,NV,Clark,35.611919,-115.342491,250
400166,Silver State Solar Power North,2012,NV,Clark,35.624657,-115.352013,52
400363,Copper Mountain Solar 2,2015,NV,Clark,35.79493,-114.964912,154
400029,Stillwater Facility,2012,NV,Churchill,39.54277,-118.560936,21.8
400556,Spectrum Solar PV Power Project,2013,NV,Clark,36.237076,-114.875198,30
400802,Copper Mountain Solar 3,2015,NV,Clark,35.890041,-114.958344,255
401308,"Copper Mountain Solar 4, LLC",2016,NV,Clark,35.788536,-114.979851,93.6
400313,Moapa Southern Paiute,2016,NV,Clark,36.527924,-114.759171,250
402017,"Boulder Solar II, LLC",2017,NV,Clark,35.843212,-114.951408,50
401596,Playa Solar 2,2017,NV,Clark,36.410885,-114.912315,100
401319,"Playa Solar 1, LLC",2017,NV,Clark,36.400078,-114.901878,79
402690,"Techren Solar II, LLC",2019,NV,Clark,35.868839,-114.956238,200
402485,"Techren Solar I, LLC",2019,NV,Clark,35.850464,-114.973694,100
401649,"Boulder Solar Power, LLC",2016,NV,Clark,35.835777,-114.978188,100
402130,Luning Energy,2017,NV,Mineral,38.545208,-118.193733,50
401318,Sunshine Valley Solar,2019,NV,Nye,36.515034,-116.515335,100
401851,Townsite Solar Project Hybrid,2021,NV,Clark,35.939953,-114.892258,160
402144,Battle Mountain Solar Project,2021,NV,Humboldt,40.719887,-117.062813,101
402691,"Techren Solar III, LLC",2020,NV,Clark,35.845833,-114.969971,25
402692,"Techren Solar IV, LLC",2020,NV,Clark,35.892361,-114.936028,25
403001,Techren Solar V,2020,NV,Clark,35.899857,-114.926453,50
403884,"Turquoise Nevada, LLC",2020,NV,Washoe,39.586124,-119.52317,54.6
403688,"Copper Mountain Solar 5, LLC",2021,NV,Clark,35.772675,-114.981583,250
403386,"Harry Allen Solar Energy, LLC",2021,NV,Clark,36.425518,-114.923187,100
404659,Fish Springs,2021,NV,Washoe,40.080166,-119.968262,100
404971,Yellow Pine Solar,2023,NV,Clark,36.056126,-115.792412,93.8
406448,Yellow Pine II,2024,NV,Clark,36.069069,-115.811806,60
405385,Arrow Canyon Solar Hybrid,2023,NV,Clark,36.54002,-114.825165,200
405553,Dodge Flat,2022,NV,Washoe,39.656128,-119.345947,200
405495,Gemini Solar,2024,NV,Clark,36.448883,-114.761734,690
405556,Dry Lake Solar Energy Center,2024,NV,Clark,36.42807,-114.888336,150
400215,"Long Island Solar Farm, LLC",2011,NY,Suffolk,40.866062,-72.850609,31.5
401464,Shoreham Solar Commons,2018,NY,Suffolk,40.933575,-72.888412,24.9
405951,Calverton Solar Energy Center,2022,NY,Suffolk,40.910461,-72.754776,22.9
406001,"East Point Energy Center, LLC",2024,NY,Schoharie,42.771664,-74.551491,50
402884,Hillcrest Solar,2021,OH,Brown,39.083664,-83.881683,200
403344,"Hardin Solar Energy, LLC",2021,OH,Hardin,40.663685,-83.814896,150
404811,Salt City Solar Project - Hybrid,2022,OH,Ross,39.421867,-82.965683,49.9
405646,"Big Plain Solar, LLC",2023,OH,Madison,39.848686,-83.325645,196
405678,"Yellowbud Solar, LLC",2023,OH,Ross,39.48925,-83.044785,274
405420,"Hecate Energy Highland, LLC",2024,OH,Highland,39.086082,-83.810081,300
405686,New Market Solar,2024,OH,Highland,39.081089,-83.771286,65
405774,Nestlewood Solar,2023,OH,Brown,38.922783,-84.033455,80
405831,"Arche Energy Project, LLC",2024,OH,Fulton,41.659954,-84.273346,107
406124,"Madison Fields Solar Project, LLC",2024,OH,Madison,40.088528,-83.479355,180
406166,Blue Harvest Solar Park,2023,OH,Putnam,41.084629,-84.28981,49.9
406167,Timber Road Solar Park,2023,OH,Paulding,41.109039,-84.716316,49.9
406497,Fox Squirrel Solar,2023,OH,Madison,39.78965,-83.342392,577
406364,North Fork Solar Project,2024,OK,Kiowa,34.62748,-98.977104,120
402115,Solar Star Oregon II,2017,OR,Crook,44.183853,-120.916557,56
403069,Airport Solar,2019,OR,Lake,42.164444,-120.410133,47.3
404577,Wheatridge Hybrid,2019,OR,Morrow,45.559696,-119.609863,50
404605,Montague Solar,2019,OR,Gilliam,45.536312,-120.175377,162
405453,"Prineville Solar Energy, LLC",2021,OR,Crook,44.252544,-120.883263,40
405454,"Millican Solar Energy, LLC",2021,OR,Crook,44.269852,-120.878571,70
406382,Skysol,2023,OR,Klamath,42.04673,-121.496002,55
406277,"Adams Solar, LLC PA",2023,PA,Adams,39.881115,-77.219467,80
403770,"University Solar, LLC",2019,RI,Kent,41.616108,-71.658104,24
405429,Dry Bridge Solar (Brown University),2023,RI,Washington,41.556717,-71.507401,40
406361,Robin Hollow Solar,2023,RI,Kent,41.632137,-71.638893,40.7
401852,Moffett Solar Project,2017,SC,Jasper,32.641582,-80.989311,71.4
402598,"Shaw Creek Solar, LLC",2019,SC,Aiken,33.675499,-81.748238,74.9
402387,Estill Solar,2017,SC,Hampton,32.765388,-81.24649,20.4
402729,Peony Solar,2018,SC,Orangeburg,33.50304,-81.253349,39
403137,Palmetto Plains,2019,SC,Orangeburg,33.340736,-80.704826,74.9
402545,Seabrook Solar,2019,SC,Beaufort,32.565277,-80.73172,72.5
403223,TWE Bowman Solar Project,2020,SC,Orangeburg,33.316685,-80.677956,75
403716,Lily Solar,2020,SC,Allendale,33.094173,-81.434868,70
403859,Midlands,2020,SC,Calhoun,33.654564,-80.956215,72.1
403512,Huntley,2020,SC,Orangeburg,33.332237,-80.632294,75
404463,"Centerfield Cooper Solar, LLC",2020,SC,Chesterfield,34.69524,-80.144264,75
404624,"Allora Solar, LLC",2020,SC,Lexington,33.888706,-81.398148,75
404627,"Gunsight Solar, LLC",2020,SC,Lexington,33.761097,-81.069794,75
405006,Eastover Solar,2023,SC,Richland,33.918137,-80.653732,73.6
406033,"Landrace Holdings, LLC",2023,SC,Horry,33.732311,-79.091339,55
406290,Beulah Solar,2022,SC,Saluda,33.94854,-81.574425,74.9
401796,Millington Solar Farm,2018,TN,Shelby,35.35231,-89.855423,53
404616,Elora Solar,2020,TN,Lincoln,35.050964,-86.351189,150
404871,SR McKellar,2022,TN,Madison,35.580486,-88.937355,70
405630,OETN1,2023,TN,Obion,36.38459,-88.988647,100
405926,SR Bell Buckle,2023,TN,Bedford,35.579594,-86.461449,35
400695,"OCI Alamo 4, LLC",2014,TX,Kinney,29.319771,-100.386055,39.6
400966,"OCI Alamo 5, LLC",2015,TX,Uvalde,29.217829,-99.70681,95
400968,"OCI Alamo 7, LLC",2016,TX,Haskell,33.010193,-99.613426,106.4
401430,RE Roserock,2016,TX,Pecos,30.963266,-103.297394,157.5
400967,Alamo 6,2017,TX,Pecos,30.991924,-102.27182,110.2
401703,East Pecos Solar,2017,TX,Pecos,31.003794,-102.281967,120
401463,Buckthorn Westex,2018,TX,Pecos,31.08082,-102.839348,154
402083,Solaire Holman Solar Project,2017,TX,Brewster,30.457628,-103.482521,50
401660,Lamesa Solar,2017,TX,Dawson,32.722221,-101.925407,102
401868,Pearl Solar,2017,TX,Pecos,31.014885,-102.263947,50
402541,Lamesa II,2018,TX,Dawson,32.710442,-101.898102,50
401946,Bluebell Solar,2018,TX,Sterling,31.869267,-100.829422,30
403004,Lapetus,2019,TX,Andrews,32.457108,-102.687569,100.7
401805,Upton County Solar,2017,TX,Upton,31.252308,-102.267303,157.5
401525,Castle Gap Solar Hybrid,2018,TX,Upton,31.262043,-102.280708,180
402679,Phoebe Solar,2019,TX,Winkler,31.837795,-102.862061,250
402995,West of the Pecos Solar,2019,TX,Winkler,31.85146,-102.868446,100
400593,OCI Alamo Solar I Hybrid,2013,TX,Bexar,29.271652,-98.445457,40.7
400691,Barilla Solar,2015,TX,Pecos,30.959105,-103.352798,29.8
402304,Midway Solar-TX,2018,TX,Pecos,30.994703,-102.221558,182
400249,Webberville Solar Project,2011,TX,Travis,30.238495,-97.508568,30
402721,Holstein 1 Solar Farm,2020,TX,Nolan,32.092739,-100.172325,204.4
402848,Rambler,2020,TX,Tom Green,31.52515,-100.627625,200
402909,Misae Solar,2020,TX,Childress,34.386738,-100.153069,240
403070,"Roadrunner, LLC",2020,TX,Upton,31.216244,-102.196327,410
403177,Prospero Solar,2020,TX,Andrews,32.306576,-102.858299,303.6
403188,Coniglio Solar,2021,TX,Fannin,33.41058,-96.071564,123.6
403210,Greasewood,2021,TX,Pecos,31.035858,-102.464859,255
403279,Oberon IB,2020,TX,Ector,31.694273,-102.688362,30
403280,Oberon IA,2020,TX,Ector,31.708208,-102.692406,150
403502,2W Permian Solar Project Hybrid,2021,TX,Andrews,32.091869,-102.572243,420
403514,Wagyu,2020,TX,Brazoria,29.243553,-95.657944,120
403574,Bluebell Solar II,2020,TX,Sterling,31.887928,-100.838898,115
403697,CED Crane Solar,2020,TX,Crane,31.259253,-102.322044,152.5
403825,Briar Creek Solar 1,2021,TX,Navarro,32.069065,-96.572624,127
403874,Lily Solar Hybrid,2021,TX,Kaufman,32.527267,-96.428589,146
404128,Prospero Solar II,2021,TX,Andrews,32.27354,-102.878975,250
404247,"Corazon Energy, LLC",2021,TX,Webb,27.656843,-99.231819,200
403189,Rippey Solar,2020,TX,Cooke,33.552929,-97.178383,59.8
403190,Kellam Solar,2020,TX,Van Zandt,32.475121,-95.713997,59.8
403551,Titan Solar Project,2021,TX,Culberson,31.678341,-104.458664,260
403557,Aragorn Solar Project,2021,TX,Culberson,31.724195,-104.449905,180
403823,Elm Branch Solar 1,2021,TX,Ellis,32.234608,-96.707138,134.7
403883,Azure Sky Solar,2021,TX,Haskell,32.994728,-99.617294,225
403962,"ANSON Solar Center, LLC",2021,TX,Jones,32.792057,-99.924446,200
404062,Elara Solar,2021,TX,Frio,28.912172,-99.156967,130
400227,East Blackland Solar Project 1,2021,TX,Travis,30.425228,-97.458992,144
402290,RE Maplewood,2021,TX,Pecos,30.982512,-102.249458,250
404567,G.S.E. One LLC,2020,TX,Fannin,33.477825,-96.141479,82.5
404587,Fighting Jays Solar Project,2016,TX,Fort Bend,29.351307,-95.737518,227.5
404599,Emerald Grove,2019,TX,Crane,31.101442,-102.345306,108
404681,Brazoria West,2021,TX,Brazoria,29.213352,-95.65641,200
404721,"Blue Jay Solar I, LLC",2021,TX,Grimes,30.707882,-96.073242,210
405689,"IP Radian, LLC",2023,TX,Brown,31.572208,-99.192154,320
404812,Sun Valley Solar Project,2022,TX,Hill,31.854122,-97.023682,250
404853,"Longbow Solar, LLC",2023,TX,Brazoria,29.289724,-95.29863,57
404872,"Pisgah Ridge Solar, LLC",2022,TX,Navarro,31.881886,-96.472771,250
404877,Nebula Solar,2022,TX,Cameron,26.095959,-97.802528,135
404878,Vancourt Solar Interconnections,2022,TX,Cameron,26.112761,-97.796677,45
404939,Brazoria County Solar Project (Danciger),2022,TX,Brazoria,29.19273,-95.756935,203
404966,BPL Files Solar,2023,TX,Hill,32.192924,-97.059677,157.5
403023,"Taygete Energy Project, LLC",2021,TX,Pecos,31.182878,-103.161224,255
404647,Taygete II Energy Project,2022,TX,Pecos,31.154892,-103.107361,203.8
403481,Impact Solar 1,2020,TX,Lamar,33.40966,-95.325417,198.5
404630,"Samson Solar Energy III, LLC",2020,TX,Red River,33.442375,-95.302177,250
405363,Galloway 1 Solar Farm,2021,TX,Concho,31.433855,-99.848335,250
405477,Brightside,2022,TX,Live Oak,28.452982,-97.983566,50.7
403232,"ENGIE Long Draw Solar, LLC",2020,TX,Borden,32.75209,-101.620338,225
405492,Juno Solar Project,2021,TX,Borden,32.777416,-101.629463,302.5
405494,Galloway 2 Solar Farm,2023,TX,Concho,31.459858,-99.88427,110
405540,"Ellis Solar, LLC",2023,TX,Ellis,32.466778,-97.047585,80
405564,"Fort Bend Solar, LLC",2023,TX,Fort Bend,29.547371,-95.972557,240
405700,Aktina Solar,2023,TX,Wharton,29.125406,-96.263847,500
405727,Bernard Creek Solar,2023,TX,Wharton,29.443071,-96.100616,230
405794,Noble Solar,2022,TX,Denton,33.310181,-97.350624,275
405801,Horizon Solar,2023,TX,Frio,28.938917,-99.11097,200
405809,Shakes Solar,2022,TX,Dimmit,28.585773,-99.73436,200
405939,Texas Solar Nova 1,2023,TX,Kent,33.334587,-100.992699,252
406178,"Cutlass Solar 1, LLC",2022,TX,Fort Bend,29.41548,-95.739479,110.9
406202,Grizzly Ridge Solar,2023,TX,Hamilton,31.736883,-98.214119,100
406206,Five Wells Solar Center - Hybrid,2023,TX,Bell,31.011946,-97.222122,355.4
406221,Eiffel Solar Project,2023,TX,Lamar,33.612534,-95.514503,240
406386,Umbriel Solar,2023,TX,Polk,30.655241,-94.778198,150
406415,Dileo Solar,2023,TX,Bosque,31.78318,-97.51252,71.4
406416,Pitts Dudik Solar,2023,TX,Hill,31.891066,-96.871956,49.6
406516,Ganado Solar,2023,TX,Jackson,29.112066,-96.524223,150.5
405545,Sparta Solar,2024,TX,Bee,28.563444,-97.960541,250
405590,"Hecate Energy Frye Solar, LLC",2024,TX,Swisher,34.400757,-101.596031,500
405599,"BPL Crown Solar, LLC",2024,TX,Falls,31.325197,-97.09375,100
405932,Lumina II Solar Project,2024,TX,Scurry,32.899082,-100.771294,326.6
405933,Lumina Solar Project,2024,TX,Scurry,32.924625,-100.980515,326.6
405984,Waco Solar,2024,TX,Limestone,31.707106,-96.820755,400
406032,Tres Bahias,2024,TX,Calhoun,28.693417,-96.495766,196.3
406103,Zier Solar,2024,TX,Kinney,29.296541,-100.526833,160
406370,Hayhurst Texas Solar,2024,TX,Culberson,31.815825,-104.087044,24.8
401528,"Eastern Shore Solar, LLC",2016,VA,Accomack,37.940174,-75.586983,80
402736,Colonial Trail West,2019,VA,Surry,37.154366,-76.901215,142.4
402737,Spring Grove I,2020,VA,Surry,37.180016,-76.930054,97.9
402753,Pleinmont Solar 1,2020,VA,Spotsylvania,38.252872000000004,-77.724533,75
402754,Pleinmont Solar 2,2021,VA,Spotsylvania,38.231983,-77.780914,240
402755,Highlander Solar Energy Station 1,2020,VA,Spotsylvania,38.254669,-77.753754,165
403168,Desper Solar,2021,VA,Louisa,38.003742,-78.050034,88.2
403215,Grasshopper Solar,2020,VA,Mecklenburg,36.816418,-78.446037,80
403292,Whitehorn Solar,2021,VA,Pittsylvania,36.927944,-79.353233,50
403390,"Caden Energix Hickory, LLC",2020,VA,Chesapeake,36.626469,-76.191032,32
403717,Water Strider Solar,2021,VA,Halifax,37.011753,-79.033081,80
403807,"Greensville County Solar Project, LLC",2020,VA,Greensville,36.641964,-77.569046,80
403955,Altavista Solar,2021,VA,Campbell,37.144112,-79.356606,80
404038,Mechanicsville Solar,2020,VA,Hanover,37.667034,-77.199844,25
404455,Bedford Solar,2021,VA,Chesapeake,36.69709,-76.162407,70
402338,"Southampton Solar, LLC",2017,VA,Southampton,36.611179,-77.209129,103.6
404576,Skipjack Solar Center,2011,VA,Charles City,37.380608,-77.187569,175
404578,Meherrin Solar,2019,VA,Greensville,36.596081,-77.656151,59.6
404579,Piney Creek Solar,2021,VA,Halifax,36.821072,-78.774887,80
404589,Bluestone Solar,2021,VA,Mecklenburg,36.809048,-78.488098,49.9
404656,Sycamore Solar,2017,VA,Pittsylvania,36.930519,-79.231766,42
404814,Powells Creek Solar - Hybrid,2022,VA,Halifax,36.549603,-79.017929,70
404815,Sunnybrook Solar Project - Hybrid,2023,VA,Halifax,36.801189,-78.833344,51
404818,Fort Powhatan Solar,2021,VA,Prince George,37.257725,-77.094055,150
404580,Sadler Solar,2022,VA,Greensville,36.697598,-77.611832,100
405776,"Caden Energix Endless Caverns, LLC",2023,VA,Rockingham,38.608379,-78.680099,31.4
405779,"Waverly Solar, LLC",2023,VA,Sussex,37.018913,-77.14817,118
406247,Chesapeake Solar Project,2023,VA,Chesapeake,36.681305,-76.302345,132
406278,"Caden Energix Axton, LLC",2023,VA,Henry,36.633461,-79.696426,66
406358,Crystal Hill Solar,2023,VA,Halifax,36.836601,-78.936012,64.7
406476,Foxhound,2024,VA,Halifax,36.877331,-78.739166,83
406574,Cavalier Solar,2024,VA,Surry,37.048488999999996,-76.769188,155.6
405552,Otter Creek Solar,2023,VA,Mecklenburg,36.809818,-78.519104,60
405511,Lund Hill Solar,2022,WA,Klickitat,45.867138,-120.240051,150
404188,Point Beach Solar,2021,WI,Manitowoc,44.274342,-87.555397,100
403397,Two Creeks Solar,2020,WI,Manitowoc,44.265614,-87.538559,150
403289,Badger Hollow I,2021,WI,Iowa,42.943043,-90.361107,150
404764,Bear Creek,2022,WI,Richland,43.197803,-90.214592,50
404765,North Rock,2022,WI,Rock,42.809021,-89.105873,50
404766,Wood County,2022,WI,Wood,44.278618,-89.846519,150
405614,Badger Hollow II,2023,WI,Iowa,42.950233,-90.328629,150
405710,Cassville Solar,2023,WI,Grant,42.740002,-90.919785,50
405711,Springfield Solar (WI),2023,WI,Dodge,43.612568,-88.469109,100
405712,Albany Solar (WI),2023,WI,Green,42.648762,-89.377533,50
405713,Paddock Solar,2023,WI,Rock,42.554539,-89.097687,65
405714,Wautoma Solar,2023,WI,Waushara,44.058681,-89.306801,99
405715,Beaver Dam Solar,2023,WI,Dodge,43.495617,-88.767746,50
405719,Grant County,2024,WI,Grant,42.741837,-90.673111,200
405720,Onion River,2023,WI,Sheboygan,43.608192,-87.894791,150
405721,Crawfish River,2023,WI,Jefferson,42.992474,-88.862198,75
406176,Blake Solar Plant,2024,WV,Jefferson,39.255634,-77.831795,96
402305,Sweetwater Solar,2018,WY,Sweetwater,41.626965,-109.682785,80
406468,South Cheyenne Solar,2024,WY,Laramie,41.016609,-104.800316,150
405704,"Fall River Solar, LLC",2023,SD,Fall River,43.155136,-103.339722,80
406413,Wild Springs,2024,SD,Pennington,44.071808,-102.834801,128
401399,"Granite Mountain Solar East, LLC",2016,UT,Iron,37.772099,-113.232117,80
400669,Utah Red Hills Renewable Energy Park,2015,UT,Iron,37.885803,-112.894279,80
401713,"Pavant Solar II, LLC",2016,UT,Millard,39.161373,-112.356026,50
401248,"Pavant Solar, LLC",2015,UT,Millard,39.150066,-112.349663,50
401395,"Iron Springs Solar, LLC",2016,UT,Iron,37.725788,-113.162285,80
401033,"Enterprise Solar, LLC",2016,UT,Iron,37.644379,-113.605568,80
401035,"Escalante Solar II, LLC",2016,UT,Beaver,38.497295,-113.024017,80
401034,"Escalante Solar I, LLC",2016,UT,Beaver,38.524845,-113.034805,80
401036,"Escalante Solar III, LLC",2016,UT,Beaver,38.500725,-112.986847,80
404523,"Granite Mountain Solar West, LLC",2016,UT,Iron,37.785652,-113.280228,50.4
402986,Sage Solar I-III,2019,UT,Rich,41.768463,-111.062004,57.6
403014,Cove Mountain Solar 2,2020,UT,Iron,37.636162,-113.631348,122
403119,"Hunter Solar, LLC (UT)",2021,UT,Emery,39.134796,-111.054512,100
403214,Milford Solar 1,2020,UT,Beaver,38.510654,-113.034401,99
404574,"Sigurd Solar, LLC",2019,UT,Sevier,38.839245,-112.011673,80
404662,Graphite Solar I,2021,UT,Carbon,39.554283,-110.710663,80
404979,Red Mesa Solar Project,2023,UT,San Juan,37.121346,-109.411278,72
403013,Cove Mountain Solar,2020,UT,Iron,37.622822,-113.618568,58
405562,"Rocket Solar, LLC",2024,UT,Box Elder,41.640026,-112.45668,80
405455,Clover Creek Solar Community Solar,2021,UT,Juab,39.843189,-111.889305,80
405563,"Horseshoe Solar, LLC",2024,UT,Tooele,40.727978,-112.655098,75
405669,"Castle Solar, LLC",2024,UT,Emery,39.325111,-110.994942,40
406172,"Steel Solar, LLC",2024,UT,Box Elder,41.904198,-112.185135,80
401701,Three Peaks Power,2016,UT,Iron,37.828545,-113.12822,80
405949,Appaloosa Solar I,2024,UT,Iron,37.826595,-113.112129,120
401337,North Star Solar Project,2016,MN,Chisago,45.486179,-92.890152,100
401356,Marshall Solar Energy Project,2017,MN,Lyon,44.47229,-95.662041,62.3
404777,Hoot Lake Solar,2022,MN,Otter Tail,46.278885,-96.036057,49.9
403769,Sanford Solar,2020,ME,York,43.379795,-70.709984,49.4
404137,Farmington Solar,2021,ME,Franklin,44.650066,-70.080719,77
406013,Prairie Creek FL,2024,FL,DeSoto,27.04236,-81.802238,74.5
406280,Falmouth Renewable Energy Center,2024,FL,Suwannee,30.347172,-83.15258,74.9
405667,Holliday Creek Solar,2022,IA,Webster,42.568058,-94.101875,100
405544,"High Point Solar, LLC",2023,IL,Stephenson,42.447826,-89.910072,100
405469,Arroyo Solar Energy Storage Hybrid,2024,NM,McKinley,35.943916,-107.570198,300
406109,"Jicarilla Solar 1, LLC",2023,NM,Rio Arriba,36.232895,-107.273262,50
405026,TS Power Plant,2024,NV,Eureka,40.768028,-116.513199,100
406047,Great Cove Solar,2023,PA,Fulton,39.916313,-77.997505,70
405803,Maplewood Solar,2022,VA,Pittsylvania,36.882809,-79.483994,120
401709,ID Solar,2016,ID,Ada,43.438301,-116.327415,40
401484,Grand View Solar Two,2016,ID,Elmore,43.018082,-116.014023,80
404901,"Jackpot Solar, LLC",2022,ID,Twin Falls,42.200943,-114.630974,120
405000,"Black Mesa Solar, LLC",2023,ID,Elmore,42.900356,-115.191933,40
406483,Franklin Solar Hybrid,2024,ID,Twin Falls,42.204498,-114.607651,100
403826,Bighorn Solar 1,2021,CO,Pueblo,38.192551,-104.599098,240
401226,Comanche Solar,2016,CO,Pueblo,38.206665,-104.563347,120
